,text,status,predict_proba
1359,бір к ні мекке медина аласында бір кішкентай бала олына тая стап журеді екен сонда ол баланы к зіне жа а ы тая ы кіріп кетеді екен с йтіп баланы к зі а ып кетеды асында ы анасы д рігерге апарады д рігер к зі а ып кеткен донор керек дейді анасы мен берем дейді д рігер а та міне арап т рса анасы баласыны турі демі болуы шін зіні денсаулы ы ауырса да шыдайды адамдар аналарды рметтеік ,1,0.12932742040016496
3615,хорошо бы быть таким как воздух всегда нужным и всегда незаметным никому не навязываться ни из кого не высасывать кровь и вместе с тем приходить вовремя туда где ты нужен ,1,0.46059746860816037
5435, рметті достар 10 айлы бала а к мек керек д рігерлерді айтуынша оны миында ісік опухоль бар донор кажет кан тобы 3 теріс ресуз фактор ол періште кызды аты лия тнем достар б л кызды т ару а ата анасыны аражаты жетпейді кімде кім к мектессе алла та аланын ризалы ын к реді телефонон н мерлері менігі 8 777 571 76 290 ата анасыныгы 8 778 896 14 42 репост жазандар ,1,0.48017757457214505
11400,три кольца высшим эльфам под кровом светил семь властителям гномов под кровом земли девять смертным чей жребий молчанье могил и одно повелителю гибельных сил в царстве мордора мрачном где тени легли отыскать их собрать их предать их ему воедино сковать их и ввергнуть во тьму в царстве мордора мрачном где тени легли ,1,0.4683270482815962
12889,пройшли часи коли господиням доводилося бігати до водойм і прати речі в крижаній воді забуті і дошки про які в кров стиралися кісточки рук і пальці сучасна техніка дозволяє забути про проблеми з побутовими справами проте догляд за тією ж пральною машиною повинен бути постійний тільки при такому підході вдасться зберегти робочий стан агрегату детальніше ,1,0.34525260999804397
16022,нужны доноры нтс десайр 310 модуль мозарт 7 плата нокия х2 думал сим модуль днс 5301 плата 4704 модуль хайскрин альфа гтр донор альфа рейд плата флай 4490 модуль 238 сенсор 239 модуль хуавей у201 сенсор алкотель 4032 4033 дисплей лг е615 дисплей эксплей вега плата ,1,0.29139081421079194
17630,душа не брезгуя креста порочные грехи хранит в груди поверхность льда бьёт изнутри гранит рубиновая стынет кровь в жилах ржавеет сталь в глазах пожар и за спиной истлевшего не жаль я н в ,1,0.40118016806861895
17808,хорошая новость наконец увидит свет официальная аудиокнига о зло и добро ключениях макса в мире хомана куда его призвал в качестве демона незадачливый местный колдун вот это действительно правда мы с издательством гельветика с гордостью представляем вам макс фрай гнёзда химер хроники овётганны заходите на литрес очень нужны хотя бы лайки и отзывы http www litres ru maks fray gnezda himer hroniki ovetganny 13927547 эх етидрёный хряп как же хорошо ,1,0.49486311225476515
18517,а где прощение грехов там не нужно приношение за них итак братия имея дерзновение входить во святилище посредством крови иисуса христа путем новым и живым который он вновь открыл нам через завесу то есть плоть свою и имея великого священника над домом божиим да приступаем с искренним сердцем с полною верою кроплением очистив сердца от порочной совести и омыв тело водою чистою будем держаться исповедания упования неуклонно ибо верен обещавший послание к евреям 10 18 23 ,1,0.43225334068888455
18527,салем акылды ана анон болсыншы жарайма мен донор болып кан тапсырайын деген едим акшага канша береди билесиздерме отиниш тек артык соз керек емес ренжимениздер баламма сут памперс алайын деп едим киналып кеттим ,1,0.26544259053792885
18639,у любящей женщины сердце всегда полно надежд чтобы убить их нужен не один ударкинжалом она любит до последней капли крови ,1,0.29092552449570425
24202, хорошо бы быть таким как воздух всегда нужным и всегда незаметным никому не навязываться ни из кого не высасывать кровь и вместе с тем приходить вовремя туда где ты как раз в это время нужен протоиерей андрей ткачев ,1,0.4721969287324873
24203,хорошо бы быть таким как воздух всегда нужным и всегда незаметным никому не навязываться ни из кого не высасывать кровь и вместе с тем приходить вовремя туда где ты как раз в это время нужен это великий талант протоиерей андрей ткачёв ,1,0.32654270847561784
25087, жми сюда http vlanto com ua messages 22330 гель бальзам для суставов лошадей релаксирующий специальная формула геля бальзама на основе диметилсульфоксида который способствует глубокому проникновению в суставы и прилегающие к ним мягкие ткани эфирного масла мяты и камфары обеспечивает быстрое снятие усталости и напряжения после физических нагрузок а также устраняет отеки активизируя микроциркуляцию и усиливая отток крови в конечностях ,1,0.16839728972911666
25750,финн звездами кляну внял нет тройка стакана да змеи веселый снов принес душе порня калмык бледному бойцы старый приемли стрелка звучно товарищ челу кровью могильной брызнул приснилась девушкю и десницею черная ничуть нужен обветшалой то бровей льется бежала ,1,0.21032873494875934
25756,хорошо бы быть таким как воздух всегда нужным и всегда незаметным никому не навязываться ни из кого не высасывать кровь и вместе с тем приходить вовремя туда где ты как раз в это время нужен это великий талант протоиерей андрей ткачёв ,1,0.32654270847561784
28385,15 03 2016г как кожа нужна для защиты крови и плоти ложь нужна что бы защитить правду вместо того что бы быть честной и открыть все свои раны гораздо безопаснее натянуть улыбку и солгать но ложь никогда не станет правдой мы редко замечаем насколько часто врём ложь становится частью нас сегодня было ясно показано что научившись лгать ты забываешь правду p s самая настоящая блондинка ,1,0.4957066462000172
29109,друзья человеку нужна помощь кто может стать донором кто с доминиканы отзовитесь это очень важно necesitamos sangre b de manera urgente para mi primo que tiene una operaci n agendada para este mi rcoles para removerle un tumor cerebral por favor si tienes este tipo de sangre saca un tiempecito para esta donaci n te lo agradeceremos eternamente llamar a alan delmonte al 829 539 0920 para que coordinemos si no eres portador de este tipo de sangre por favor comparte esta publicaci n gracias ,1,0.28049284753155457
32663,растяжка мышц в картинках http estet portal com articles krasota i zdorove chto vy tyanete na samom dele rastyazhka myshts v kartinkakh ,1,0.4359100377578801
